zip,donations,total,NAME,variable,estimate,moe,Donations_Per100
20601,6976,190404.72999999975,ZCTA5 20601,population,25517,1367,273.38636987106634
20602,6758,109716.81999999996,ZCTA5 20602,population,26550,1088,254.53860640301318
20603,12854,248108.6100000006,ZCTA5 20603,population,31975,1042,402.00156372165753
20604,247,8033.67,NA,NA,NA,NA,NA
20606,11,131.43,ZCTA5 20606,population,374,186,29.41176470588235
20607,6889,181393.81000000043,ZCTA5 20607,population,10843,810,635.3407728488426
20608,337,2569.720000000003,ZCTA5 20608,population,860,191,391.8604651162791
20609,61,2290,ZCTA5 20609,population,1151,285,52.99739357080799
20610,68,1669.1999999999998,NA,NA,NA,NA,NA
20611,46,1206,ZCTA5 20611,population,1634,338,28.151774785801713
20612,21,399.17,ZCTA5 20612,population,203,146,103.44827586206897
20613,6436,170352.85000000012,ZCTA5 20613,population,14020,956,459.0584878744651
20614,21,409,NA,NA,NA,NA,NA
20615,25,633,ZCTA5 20615,population,421,190,59.38242280285035
20616,1703,38740.899999999994,ZCTA5 20616,population,6389,852,266.5518860541556
20617,274,7542.26,ZCTA5 20617,population,832,260,329.3269230769231
20618,313,6069.32,ZCTA5 20618,population,406,160,770.935960591133
20619,2733,63659.01000000006,ZCTA5 20619,population,15052,1018,181.57055540791922
20620,393,7357.65,ZCTA5 20620,population,1369,487,287.0708546384222
20621,66,967,ZCTA5 20621,population,960,329,68.75
20622,356,8922.109999999999,ZCTA5 20622,population,6887,865,51.69159285610571
20623,2075,33616.96000000001,ZCTA5 20623,population,2997,349,692.3590256923591
20624,60,795,ZCTA5 20624,population,1409,256,42.583392476933994
20625,454,9224.020000000004,ZCTA5 20625,population,646,301,702.7863777089783
20626,240,3636.8600000000006,ZCTA5 20626,population,304,120,789.4736842105264
20627,8,40,NA,NA,NA,NA,NA
20628,43,12163.26,ZCTA5 20628,population,477,275,90.14675052410902
20629,37,813,ZCTA5 20629,population,383,281,96.60574412532637
20630,371,24333.75,ZCTA5 20630,population,301,146,1232.5581395348836
20632,21,2812.5,ZCTA5 20632,population,432,187,48.611111111111114
20634,1095,27256.079999999944,ZCTA5 20634,population,6478,969,169.03365236184007
20635,23,1176,NA,NA,NA,NA,NA
20636,2316,58391.37,ZCTA5 20636,population,10805,1009,214.345210550671
20637,2083,40167.06999999999,ZCTA5 20637,population,5751,725,362.19787862980354
20638,24,729.74,NA,NA,NA,NA,NA
20639,3313,119571.28999999998,ZCTA5 20639,population,15793,662,209.77648325207372
20640,1569,24599.82999999998,ZCTA5 20640,population,10333,706,151.84360785831802
20644,33,659,NA,NA,NA,NA,NA
20645,199,10778.3,ZCTA5 20645,population,749,165,265.6875834445928
20646,5566,130374.95000000004,ZCTA5 20646,population,21951,939,253.56475786980093
20647,1,39.8,NA,NA,NA,NA,NA
20649,6,330,NA,NA,NA,NA,NA
20650,3964,144375.84000000023,ZCTA5 20650,population,14672,874,270.1744820065431
20653,3608,81705.0799999999,ZCTA5 20653,population,24274,1303,148.6364010875834
20656,38,1569.76,NA,NA,NA,NA,NA
20657,5067,125720.03000000009,ZCTA5 20657,population,19226,847,263.54936024133985
20658,288,10475.370000000004,ZCTA5 20658,population,848,241,339.62264150943395
20659,2061,66697.38,ZCTA5 20659,population,23312,1085,88.40940288263555
20660,5,190,ZCTA5 20660,population,0,12,Inf
20662,316,3207.0199999999995,ZCTA5 20662,population,2876,467,109.87482614742699
20663,6,135,NA,NA,NA,NA,NA
20664,225,19794.23,ZCTA5 20664,population,3462,532,64.99133448873484
20667,37,1525.39,ZCTA5 20667,population,633,385,58.45181674565561
20669,1,20,NA,NA,NA,NA,NA
20670,100,2542.67,ZCTA5 20670,population,1441,327,69.39625260235947
20674,355,9889.67,ZCTA5 20674,population,848,467,418.6320754716981
20675,265,13192.1,ZCTA5 20675,population,2017,453,131.38324243926624
20676,4042,51759.59,ZCTA5 20676,population,3848,519,1050.4158004158005
20677,666,19220.51,ZCTA5 20677,population,2416,392,275.6622516556291
20678,2380,49224.85999999996,ZCTA5 20678,population,12261,704,194.11141016230323
20679,1,250,NA,NA,NA,NA,NA
20680,87,6197.360000000001,ZCTA5 20680,population,934,356,93.14775160599571
20682,3,153,NA,NA,NA,NA,NA
20683,6,280,NA,NA,NA,NA,NA
20684,90,3067.24,ZCTA5 20684,population,1066,378,84.42776735459661
20685,2422,44961.41000000005,ZCTA5 20685,population,6942,684,348.8908095649669
20686,776,26377.35,ZCTA5 20686,population,1775,482,437.1830985915493
20687,80,2937.49,ZCTA5 20687,population,448,198,178.57142857142858
20688,3855,84676.29000000008,ZCTA5 20688,population,1749,378,2204.1166380789023
20689,201,18325.74,ZCTA5 20689,population,2081,342,96.58817876021143
20690,697,10894.629999999992,ZCTA5 20690,population,905,309,770.1657458563535
20691,4,84,NA,NA,NA,NA,NA
20692,161,5585.110000000001,ZCTA5 20692,population,899,402,179.08787541713014
20693,226,5676.370000000001,ZCTA5 20693,population,833,224,271.3085234093637
20694,3,28,NA,NA,NA,NA,NA
20695,4407,98344.96999999994,ZCTA5 20695,population,8089,893,544.8139448633948
20696,2,189.92,NA,NA,NA,NA,NA
20697,12,89,NA,NA,NA,NA,NA
20698,11,205.5,NA,NA,NA,NA,NA
20701,127,5610.76,ZCTA5 20701,population,92,83,1380.4347826086955
20702,2,42,NA,NA,NA,NA,NA
20703,225,2404.51,NA,NA,NA,NA,NA
20704,71,1503.76,NA,NA,NA,NA,NA
20705,8949,263127.96999999945,ZCTA5 20705,population,27663,1241,323.5007049126993
20706,12313,314519.8699999994,ZCTA5 20706,population,43670,1754,281.95557591023584
20707,16759,392772.42999999854,ZCTA5 20707,population,32798,979,510.97627904140495
20708,7135,155413.97000000026,ZCTA5 20708,population,27843,1315,256.258305498689
20709,69,826,NA,NA,NA,NA,NA
20710,645,28141.24,ZCTA5 20710,population,9553,326,67.51805715482047
20711,1572,67949.20999999996,ZCTA5 20711,population,7413,572,212.05989477944152
20712,4346,127500.21000000004,ZCTA5 20712,population,9608,384,452.33139050791004
20713,38,307,NA,NA,NA,NA,NA
20714,2108,41288.52999999997,ZCTA5 20714,population,4683,595,450.13879991458464
20715,17641,314771.77000000153,ZCTA5 20715,population,27556,977,640.1872550442735
20716,9976,277360.8199999999,ZCTA5 20716,population,22237,781,448.62166659171646
20717,56,1502.75,NA,NA,NA,NA,NA
20718,237,5407.000000000001,NA,NA,NA,NA,NA
20719,14,385,NA,NA,NA,NA,NA
20720,17274,545108.1899999978,ZCTA5 20720,population,22971,1046,751.9916416351051
20721,27247,1016134.5099999992,ZCTA5 20721,population,29730,1304,916.4816683484696
20722,4938,57960.55000000015,ZCTA5 20722,population,5728,379,862.0810055865921
20723,12363,402577.18000000034,ZCTA5 20723,population,35411,1115,349.12880178475615
20724,6276,110552.95999999986,ZCTA5 20724,population,17513,1129,358.3623593901673
20725,122,5023.42,NA,NA,NA,NA,NA
20726,62,948,NA,NA,NA,NA,NA
20727,5,13,NA,NA,NA,NA,NA
20729,3,70.17,NA,NA,NA,NA,NA
20730,2,25,NA,NA,NA,NA,NA
20731,115,653,NA,NA,NA,NA,NA
20732,4164,104842.46,ZCTA5 20732,population,9820,555,424.03258655804484
20733,1910,50651.11,ZCTA5 20733,population,2777,334,687.7925819229384
20734,20,578,NA,NA,NA,NA,NA
20735,15308,316990.6299999999,ZCTA5 20735,population,38220,1244,400.52328623757194
20736,3030,72934.04000000002,ZCTA5 20736,population,9248,627,327.6384083044982
20737,3706,102120.56000000011,ZCTA5 20737,population,22295,1170,166.2256111235703
20738,65,964,NA,NA,NA,NA,NA
20739,4,160,NA,NA,NA,NA,NA
20740,12587,317914.8899999996,ZCTA5 20740,population,31349,518,401.5120099524706
20741,1486,40967.22999999998,NA,NA,NA,NA,NA
20742,56,12867.61,ZCTA5 20742,population,6726,366,8.325899494498959
20743,6852,165297.1299999999,ZCTA5 20743,population,37888,1083,180.84881756756758
20744,31497,615052.9699999988,ZCTA5 20744,population,54925,1729,573.4547109695038
20745,12754,230824.93999999977,ZCTA5 20745,population,27790,1238,458.9420654911839
20746,5612,110835.93000000008,ZCTA5 20746,population,27041,1515,207.53670352427795
20747,9223,156460.6300000003,ZCTA5 20747,population,40484,1405,227.8183973915621
20748,12089,230580.97000000085,ZCTA5 20748,population,38904,1486,310.73925560353695
20749,123,2894.23,NA,NA,NA,NA,NA
20750,732,10758.440000000002,NA,NA,NA,NA,NA
20751,943,30918.42999999999,ZCTA5 20751,population,2091,311,450.98039215686276
20752,39,1026,NA,NA,NA,NA,NA
20753,147,2130,NA,NA,NA,NA,NA
20754,1806,52836.890000000014,ZCTA5 20754,population,7124,404,253.50926445816958
20755,718,13748.61,ZCTA5 20755,population,10873,893,66.03513289800424
20757,115,2539.17,NA,NA,NA,NA,NA
20758,169,6653.169999999999,ZCTA5 20758,population,451,164,374.72283813747225
20759,4003,216717.4500000003,ZCTA5 20759,population,5311,576,753.7186970438712
20762,160,2821.08,ZCTA5 20762,population,3079,382,51.96492367651835
20763,1067,16640.289999999997,ZCTA5 20763,population,1635,484,652.5993883792049
20764,1593,58113.28999999995,ZCTA5 20764,population,3829,522,416.03551841211805
20765,376,18800.06,ZCTA5 20765,population,407,168,923.8329238329238
20768,190,4025.74,NA,NA,NA,NA,NA
20769,7457,183612.53000000017,ZCTA5 20769,population,6222,722,1198.4892317582771
20770,17073,470197.8199999965,ZCTA5 20770,population,24560,555,695.1547231270358
20771,16,223,NA,NA,NA,NA,NA
20772,24555,701566.209999997,ZCTA5 20772,population,45321,1325,541.801813728735
20773,348,13695.669999999998,NA,NA,NA,NA,NA
20774,28133,790564.2600000018,ZCTA5 20774,population,47165,1538,596.4804410049826
20775,333,8819.52,NA,NA,NA,NA,NA
20776,1344,43335.319999999985,ZCTA5 20776,population,3271,604,410.8835218587588
20777,2707,111532.35999999994,ZCTA5 20777,population,3687,446,734.2012476267969
20778,1436,39547.169999999984,ZCTA5 20778,population,2079,446,690.7166907166908
20779,687,29339.599999999988,ZCTA5 20779,population,993,243,691.8429003021148
20781,5853,231033.8899999996,ZCTA5 20781,population,11694,815,500.5130836326321
20782,12863,595571.0799999984,ZCTA5 20782,population,33398,1594,385.14282292352834
20783,5720,339753.4999999998,ZCTA5 20783,population,45302,1659,126.26374111518254
20784,5749,90245.51000000014,ZCTA5 20784,population,30270,1081,189.92401717872482
20785,11413,374647.23999999976,ZCTA5 20785,population,38878,1238,293.55933947219506
20786,52,2143.299999999999,NA,NA,NA,NA,NA
20787,24,339,NA,NA,NA,NA,NA
20788,2,20,NA,NA,NA,NA,NA
20790,2,1760,NA,NA,NA,NA,NA
20791,70,2046.19,NA,NA,NA,NA,NA
20792,210,9272.24,NA,NA,NA,NA,NA
20794,2890,65081.25000000002,ZCTA5 20794,population,17939,1258,161.1015106750655
20795,77,1970,NA,NA,NA,NA,NA
20796,3,102,NA,NA,NA,NA,NA
20797,2,28,NA,NA,NA,NA,NA
20798,7,89,NA,NA,NA,NA,NA
20801,6,1104,NA,NA,NA,NA,NA
20802,47,1088.26,NA,NA,NA,NA,NA
20803,14,140,NA,NA,NA,NA,NA
20804,15,607,NA,NA,NA,NA,NA
20805,125,6799.7,NA,NA,NA,NA,NA
20806,24,436,NA,NA,NA,NA,NA
20807,7,121,NA,NA,NA,NA,NA
20810,19,2173,NA,NA,NA,NA,NA
20812,416,82029.63,ZCTA5 20812,population,309,71,1346.2783171521035
20813,8,280,NA,NA,NA,NA,NA
20814,54366,3840965.980000051,ZCTA5 20814,population,29021,899,1873.333103614624
20815,77637,9090681.019999975,ZCTA5 20815,population,30664,861,2531.8614662144532
20816,35071,3206491.790000002,ZCTA5 20816,population,16316,556,2149.485167933317
20817,65357,5935171.610000005,ZCTA5 20817,population,37315,971,1751.4940372504354
20818,3976,339569.6300000002,ZCTA5 20818,population,1971,267,2017.250126839168
20820,1,20,NA,NA,NA,NA,NA
20822,1,5,NA,NA,NA,NA,NA
20823,2,50,NA,NA,NA,NA,NA
20824,474,28802.58,NA,NA,NA,NA,NA
20825,553,11115.52,NA,NA,NA,NA,NA
20826,27,1062,NA,NA,NA,NA,NA
20827,182,12166.57,NA,NA,NA,NA,NA
20828,2,12,NA,NA,NA,NA,NA
20830,139,1310,NA,NA,NA,NA,NA
20832,15646,505974.4099999999,ZCTA5 20832,population,26437,669,591.8220675568332
20833,4572,170021.89000000042,ZCTA5 20833,population,7369,537,620.4369656669833
20834,29,915,NA,NA,NA,NA,NA
20835,41,413,NA,NA,NA,NA,NA
20836,32,871.25,NA,NA,NA,NA,NA
20837,4684,155442.2500000004,ZCTA5 20837,population,6287,276,745.0294257992683
20838,448,18843.38,ZCTA5 20838,population,302,124,1483.4437086092717
20839,462,11704.82,ZCTA5 20839,population,97,132,4762.886597938144
20840,21,105,NA,NA,NA,NA,NA
20841,4010,161266.3100000001,ZCTA5 20841,population,11443,728,350.4325788691777
20842,978,55610.649999999994,ZCTA5 20842,population,1676,254,583.5322195704057
20844,47,1252.5,NA,NA,NA,NA,NA
20845,2,100,NA,NA,NA,NA,NA
20847,11,529,NA,NA,NA,NA,NA
20848,42,757.49,NA,NA,NA,NA,NA
20849,375,4026.31,NA,NA,NA,NA,NA
20850,45289,1625183.4800000193,ZCTA5 20850,population,53176,1215,851.6812095682262
20851,5030,158464.17000000016,ZCTA5 20851,population,15489,1214,324.7465943572858
20852,48307,1984718.029999996,ZCTA5 20852,population,46178,1465,1046.1042054658062
20853,19911,556389.1599999968,ZCTA5 20853,population,31061,945,641.0289430475516
20854,55150,4750407.0800000075,ZCTA5 20854,population,49189,1010,1121.1856309337454
20855,10620,442482.6699999997,ZCTA5 20855,population,15287,1038,694.70792176359
20856,15,782,NA,NA,NA,NA,NA
20858,7,92,NA,NA,NA,NA,NA
20859,329,43985.94,NA,NA,NA,NA,NA
20860,4148,138927.70000000022,ZCTA5 20860,population,2855,611,1452.889667250438
20861,2729,124085.48999999998,ZCTA5 20861,population,1449,285,1883.367839889579
20862,260,16786.32,ZCTA5 20862,population,341,98,762.4633431085044
20864,52,1064,NA,NA,NA,NA,NA
20865,38,1886,NA,NA,NA,NA,NA
20866,6180,175550.99000000046,ZCTA5 20866,population,16365,961,377.6351970669111
20867,14,1045,NA,NA,NA,NA,NA
20868,451,11939.11,ZCTA5 20868,population,780,281,578.2051282051283
20869,7,305,NA,NA,NA,NA,NA
20870,9,450,NA,NA,NA,NA,NA
20871,8598,204083.8700000006,ZCTA5 20871,population,18628,923,461.56323813613915
20872,7302,125311.22000000012,ZCTA5 20872,population,12603,664,579.3858605094025
20873,6,225,NA,NA,NA,NA,NA
20874,22381,527915.7199999968,ZCTA5 20874,population,61087,1882,366.37909866256325
20875,256,7279.070000000001,NA,NA,NA,NA,NA
20876,9660,214333.43000000037,ZCTA5 20876,population,30778,1207,313.8605497433232
20877,15286,371444.01,ZCTA5 20877,population,38423,1388,397.83463029956016
20878,41096,1313016.679999994,ZCTA5 20878,population,63030,1254,652.0069808027923
20879,10054,219295.58000000264,ZCTA5 20879,population,26164,1451,384.26846048004893
20880,1356,52557.24000000001,ZCTA5 20880,population,547,128,2478.9762340036564
20882,8651,261341.96000000025,ZCTA5 20882,population,13988,703,618.4586788676007
20883,100,50776.7,NA,NA,NA,NA,NA
20884,42,388,NA,NA,NA,NA,NA
20885,98,2054.08,NA,NA,NA,NA,NA
20886,16207,362243.20999999874,ZCTA5 20886,population,34834,1343,465.26382270195785
20887,32,455,NA,NA,NA,NA,NA
20889,2,28,NA,NA,NA,NA,NA
20892,5,500,NA,NA,NA,NA,NA
20893,39,539,NA,NA,NA,NA,NA
20894,13,230,NA,NA,NA,NA,NA
20895,26497,1347975.3600000064,ZCTA5 20895,population,19026,651,1392.6731840639127
20896,1962,161566.2600000002,ZCTA5 20896,population,775,128,2531.6129032258063
20897,9,58,NA,NA,NA,NA,NA
20898,42,481.23,NA,NA,NA,NA,NA
20899,30,3050,ZCTA5 20899,population,295,127,101.6949152542373
20901,42989,1309525.8700000062,ZCTA5 20901,population,36278,1200,1184.9881470863886
20902,29875,1073108.0000000023,ZCTA5 20902,population,52908,1695,564.6594087850608
20903,6587,250580.09999999992,ZCTA5 20903,population,27973,1683,235.47706717191576
20904,41324,1477418.6700000064,ZCTA5 20904,population,55275,1657,747.6074174581637
20905,12733,509001.05000000366,ZCTA5 20905,population,18662,1245,682.2955738934734
20906,54095,1138991.140000007,ZCTA5 20906,population,70749,1502,764.6044467059605
20907,244,4264.09,NA,NA,NA,NA,NA
20908,26,583,NA,NA,NA,NA,NA
20910,60712,2979373.470000009,ZCTA5 20910,population,44301,1556,1370.4431051217805
20911,104,1824.23,NA,NA,NA,NA,NA
20912,38778,1936275.090000004,ZCTA5 20912,population,26140,1050,1483.4736036725324
20913,335,55972.77,NA,NA,NA,NA,NA
20914,309,7685.58,NA,NA,NA,NA,NA
20915,29,3230,NA,NA,NA,NA,NA
20916,797,5998.530000000001,NA,NA,NA,NA,NA
20917,23,1278.11,NA,NA,NA,NA,NA
20918,9,326,NA,NA,NA,NA,NA
20919,5,22,NA,NA,NA,NA,NA
20920,37,1202.4000000000003,NA,NA,NA,NA,NA
20922,1,250,NA,NA,NA,NA,NA
20923,16,527.75,NA,NA,NA,NA,NA
20925,3,150,NA,NA,NA,NA,NA
20932,10,172,NA,NA,NA,NA,NA
20939,24,152,NA,NA,NA,NA,NA
20941,1,25,NA,NA,NA,NA,NA
20950,294,5786.439999999999,NA,NA,NA,NA,NA
20952,11,148,NA,NA,NA,NA,NA
20953,258,5330.93,NA,NA,NA,NA,NA
20954,129,1389.7999999999993,NA,NA,NA,NA,NA
20960,3,215,NA,NA,NA,NA,NA
20966,1,10,NA,NA,NA,NA,NA
20971,8,101.17,NA,NA,NA,NA,NA
20972,1,69.96,NA,NA,NA,NA,NA
20974,19,2103,NA,NA,NA,NA,NA
20976,1,10,NA,NA,NA,NA,NA
20977,1,100,NA,NA,NA,NA,NA
20978,18,547.8199999999999,NA,NA,NA,NA,NA
20979,3,17,NA,NA,NA,NA,NA
20984,1,10,NA,NA,NA,NA,NA
20985,2,105,NA,NA,NA,NA,NA
20986,16,98,NA,NA,NA,NA,NA
20991,128,1591.3000000000002,NA,NA,NA,NA,NA
20992,33,642,NA,NA,NA,NA,NA
20993,1,100,NA,NA,NA,NA,NA
20994,21,895,NA,NA,NA,NA,NA
20995,10,287.20000000000005,NA,NA,NA,NA,NA
20996,31,991.72,NA,NA,NA,NA,NA
20997,4,30,NA,NA,NA,NA,NA
21001,9185,126335.17999999996,ZCTA5 21001,population,24752,762,371.0811247575954
21002,4,79,NA,NA,NA,NA,NA
21005,1513,7449.8,ZCTA5 21005,population,2872,321,526.8105849582173
21006,2,50,NA,NA,NA,NA,NA
21008,6,185,NA,NA,NA,NA,NA
21009,5538,94785.23000000004,ZCTA5 21009,population,29905,1005,185.18642367497074
21010,1196,18019.26,ZCTA5 21010,population,211,71,5668.246445497631
21012,11344,448162.7999999995,ZCTA5 21012,population,21600,779,525.1851851851852
21013,1809,42460.45999999997,ZCTA5 21013,population,4768,401,379.40436241610735
21014,9571,216782.57000000024,ZCTA5 21014,population,36538,764,261.94646669221083
21015,7969,198034.8099999996,ZCTA5 21015,population,29199,869,272.92030548991403
21016,18,163.71999999999997,NA,NA,NA,NA,NA
21017,1139,18434.4,ZCTA5 21017,population,6983,782,163.11041099813832
21018,1,25,NA,NA,NA,NA,NA
21019,4,675,NA,NA,NA,NA,NA
21020,38,527,NA,NA,NA,NA,NA
21021,2,105,NA,NA,NA,NA,NA
21022,147,3757.27,NA,NA,NA,NA,NA
21023,188,7414.900000000003,NA,NA,NA,NA,NA
21024,4,140,NA,NA,NA,NA,NA
21025,4,255,NA,NA,NA,NA,NA
21027,8,300,NA,NA,NA,NA,NA
21028,777,21243.45,ZCTA5 21028,population,2783,305,279.195113187208
21029,5070,334097.21000000037,ZCTA5 21029,population,10895,781,465.35107847636533
21030,9939,375350.1199999992,ZCTA5 21030,population,24396,1167,407.40285292670933
21031,10,589.24,ZCTA5 21031,population,0,12,Inf
21032,5033,231805.08,ZCTA5 21032,population,8084,542,622.5878278080158
21033,43,1582,NA,NA,NA,NA,NA
21034,608,23530.29,ZCTA5 21034,population,3483,419,174.5621590582831
21035,6200,200449.85000000024,ZCTA5 21035,population,7957,600,779.1881362322483
21036,1189,69995.87,ZCTA5 21036,population,2112,274,562.9734848484849
21037,9471,376584.1499999987,ZCTA5 21037,population,21046,917,450.01425449016443
21039,9,822,NA,NA,NA,NA,NA
21040,2305,33320.56,ZCTA5 21040,population,24166,1070,95.38194157080196
21041,132,2730.9100000000003,NA,NA,NA,NA,NA
21042,28455,1050627.5999999992,ZCTA5 21042,population,41195,895,690.7391673746814
21043,20844,686790.2499999983,ZCTA5 21043,population,47351,1092,440.2018964752593
21044,44569,1337506.6200000034,ZCTA5 21044,population,44256,1314,1007.0724873463486
21045,30660,803755.2300000013,ZCTA5 21045,population,40365,1171,759.568933481977
21046,11234,309389.19999999896,ZCTA5 21046,population,15655,884,717.5982114340467
21047,2633,69101.56999999999,ZCTA5 21047,population,12266,558,214.65840534811676
21048,2073,66157.87999999996,ZCTA5 21048,population,10276,948,201.73219151420787
21049,1,3,NA,NA,NA,NA,NA
21050,3563,70752.11000000012,ZCTA5 21050,population,18123,593,196.6010042487447
21051,461,25766.14,ZCTA5 21051,population,295,92,1562.7118644067796
21052,16,551,ZCTA5 21052,population,211,101,75.82938388625593
21053,776,14091.339999999998,ZCTA5 21053,population,3225,469,240.6201550387597
21054,5833,159548.24000000028,ZCTA5 21054,population,11199,933,520.8500758996339
21055,1,500,NA,NA,NA,NA,NA
21056,98,38413,ZCTA5 21056,population,158,90,620.253164556962
21057,2464,65720.03000000001,ZCTA5 21057,population,4232,344,582.2306238185255
21059,10,56,NA,NA,NA,NA,NA
21060,14209,173872.13999999993,ZCTA5 21060,population,34899,1394,407.1463365712484
21061,10219,168692.45000000004,ZCTA5 21061,population,53860,1486,189.73264017823988
21062,126,856.5,NA,NA,NA,NA,NA
21064,32,688,NA,NA,NA,NA,NA
21065,1,100,NA,NA,NA,NA,NA
21067,1,100,NA,NA,NA,NA,NA
21069,15,126,NA,NA,NA,NA,NA
21071,287,8471.130000000001,ZCTA5 21071,population,581,311,493.9759036144578
21073,2,20,NA,NA,NA,NA,NA
21074,2983,55540.70000000002,ZCTA5 21074,population,15166,842,196.6899643940393
21075,8984,224807.7100000003,ZCTA5 21075,population,33726,935,266.38201980667736
21076,6352,235382.90000000017,ZCTA5 21076,population,17442,1168,364.1784199059741
21077,85,1464.38,ZCTA5 21077,population,276,171,307.9710144927536
21078,7808,212588.47000000055,ZCTA5 21078,population,18366,561,425.1333986714581
21079,3,175,NA,NA,NA,NA,NA
21080,2,20,NA,NA,NA,NA,NA
21082,459,13343.93,ZCTA5 21082,population,656,175,699.6951219512196
21083,10,275,NA,NA,NA,NA,NA
21084,1638,29954.660000000033,ZCTA5 21084,population,7603,622,215.44127318163882
21085,2745,55980.65999999996,ZCTA5 21085,population,16055,713,170.97477421364061
21086,3,87,NA,NA,NA,NA,NA
21087,656,20466.26,ZCTA5 21087,population,5394,335,121.61661104931406
2109,2,105,NA,NA,NA,NA,NA
21090,1933,50232.64000000003,ZCTA5 21090,population,9991,595,193.47412671404263
21092,4,74.96000000000001,NA,NA,NA,NA,NA
21093,22218,633944.1899999967,ZCTA5 21093,population,37996,864,584.7457627118644
21094,40,17794.12,NA,NA,NA,NA,NA
21096,2,100,NA,NA,NA,NA,NA
21099,3,50,NA,NA,NA,NA,NA
21101,72,1499.5600000000002,NA,NA,NA,NA,NA
21102,3317,51923.16000000006,ZCTA5 21102,population,11787,625,281.41172478153896
21103,2,11,NA,NA,NA,NA,NA
21104,4210,99374.20000000011,ZCTA5 21104,population,5762,508,730.6490801804929
21105,28,267,ZCTA5 21105,population,0,12,Inf
21106,26,1213.24,NA,NA,NA,NA,NA
21107,2,35,NA,NA,NA,NA,NA
21108,6603,220072.7800000001,ZCTA5 21108,population,18782,916,351.5600042593973
21109,1,40.48,NA,NA,NA,NA,NA
21111,3969,93046.8800000003,ZCTA5 21111,population,5387,704,736.7737144978652
21112,1,25,NA,NA,NA,NA,NA
21113,16279,444059.96000000014,ZCTA5 21113,population,34473,1368,472.22463957299914
21114,8848,236144.47000000044,ZCTA5 21114,population,27303,926,324.0669523495587
21115,5,108,NA,NA,NA,NA,NA
21116,21,1380.24,NA,NA,NA,NA,NA
21117,23052,657696.399999998,ZCTA5 21117,population,59301,1914,388.728689229524
21118,6,123,NA,NA,NA,NA,NA
21120,2596,77234.65999999997,ZCTA5 21120,population,7095,508,365.891472868217
21121,2,53,NA,NA,NA,NA,NA
21122,9609,221055.7499999993,ZCTA5 21122,population,61051,1394,157.39299929567082
21123,59,1086.37,NA,NA,NA,NA,NA
21124,3,240,NA,NA,NA,NA,NA
21127,7,283,NA,NA,NA,NA,NA
21128,1908,49255.929999999986,ZCTA5 21128,population,13985,804,136.43189131212014
21130,7,225,ZCTA5 21130,population,156,146,44.87179487179487
21131,2873,130327.89000000012,ZCTA5 21131,population,7282,556,394.53446855259546
21132,185,6295.84,ZCTA5 21132,population,3232,627,57.240099009900995
21133,8682,146954.52000000025,ZCTA5 21133,population,33299,1354,260.7285504069191
21134,21,552,NA,NA,NA,NA,NA
21135,1,100,NA,NA,NA,NA,NA
21136,11483,323548.850000002,ZCTA5 21136,population,34177,995,335.9861895426749
21137,2,20,NA,NA,NA,NA,NA
21139,580,10016.789999999995,NA,NA,NA,NA,NA
21140,1294,55152.62999999996,ZCTA5 21140,population,3564,307,363.07519640852973
21143,3,210,NA,NA,NA,NA,NA
21144,11718,222529.8500000001,ZCTA5 21144,population,35335,1783,331.6258667044008
21145,1,50,NA,NA,NA,NA,NA
21146,13148,487095.9399999995,ZCTA5 21146,population,27555,995,477.1547813463981
21147,16,344.63,NA,NA,NA,NA,NA
21149,1,7.71,NA,NA,NA,NA,NA
21150,45,748,NA,NA,NA,NA,NA
21152,1796,80268.00000000007,ZCTA5 21152,population,5462,568,328.8172830465031
21153,1329,41921.91000000001,ZCTA5 21153,population,447,204,2973.1543624161072
21154,568,14000.14,ZCTA5 21154,population,5804,590,97.86354238456236
21155,578,15340.34,ZCTA5 21155,population,2532,391,228.2780410742496
21156,40,1304.9999999999998,ZCTA5 21156,population,316,117,126.58227848101266
21157,8691,202460.4400000002,ZCTA5 21157,population,37749,1217,230.2312644043551
21158,4343,99560.21000000004,ZCTA5 21158,population,20906,784,207.73940495551517
21160,285,5854.12,ZCTA5 21160,population,2933,673,97.17013296965564
21161,1036,26816.29999999997,ZCTA5 21161,population,5601,550,184.96697018389574
21162,705,11934.46,ZCTA5 21162,population,4331,557,162.77995843915954
21163,4816,171400.08000000005,ZCTA5 21163,population,7030,592,685.0640113798008
21164,1,100,NA,NA,NA,NA,NA
21171,8,80,NA,NA,NA,NA,NA
21173,1,1000,NA,NA,NA,NA,NA
21174,33,228,NA,NA,NA,NA,NA
21176,2,55,NA,NA,NA,NA,NA
21200,22,110,NA,NA,NA,NA,NA
21201,6643,366729.6200000009,ZCTA5 21201,population,17256,1128,384.9675475197033
21202,6148,382084.8500000009,ZCTA5 21202,population,21784,1211,282.22548659566655
21203,167,7428.41,NA,NA,NA,NA,NA
21204,12273,511605.4999999996,ZCTA5 21204,population,21545,911,569.644929217916
21205,1021,23248.110000000015,ZCTA5 21205,population,16239,1075,62.873329638524545
21206,6518,111044.22,ZCTA5 21206,population,52020,1647,125.29796232218376
21207,13152,198563.10000000015,ZCTA5 21207,population,48872,1566,269.1111474873138
21208,21511,700900.8699999987,ZCTA5 21208,population,35266,1403,609.964271536324
21209,26774,644100.539999995,ZCTA5 21209,population,28309,1146,945.7769613903706
21210,25454,1443604.7700000436,ZCTA5 21210,population,15553,868,1636.5974410081656
21211,13357,433904.2699999998,ZCTA5 21211,population,16370,636,815.9437996334758
21212,25556,1146181.100000002,ZCTA5 21212,population,33431,1009,764.4401902425892
21213,3715,75637.8300000001,ZCTA5 21213,population,31007,1545,119.81165543264424
21214,7525,156481.40000000066,ZCTA5 21214,population,21392,938,351.7670157068063
21215,10084,148706.3900000006,ZCTA5 21215,population,58283,2388,173.01786112588576
21216,3837,59446.779999999984,ZCTA5 21216,population,30179,1643,127.14138970807515
21217,6787,338081.31999999844,ZCTA5 21217,population,33644,1515,201.72987754131495
21218,31378,1018091.8099999998,ZCTA5 21218,population,47555,1818,659.8254652507622
21219,1232,28739.510000000017,ZCTA5 21219,population,9550,511,129.00523560209425
21220,3341,75693.55000000031,ZCTA5 21220,population,41051,1243,81.38656792769969
21221,3250,65432.59999999995,ZCTA5 21221,population,42078,1341,77.23751128855933
21222,3776,62814.88999999995,ZCTA5 21222,population,55212,1289,68.39092950807796
21223,1598,27742.830000000005,ZCTA5 21223,population,22392,1501,71.36477313326188
21224,12042,379731.1799999997,ZCTA5 21224,population,49332,1944,244.10119192410608
21225,2446,27074.09999999997,ZCTA5 21225,population,34363,1382,71.18121235049327
21226,636,12090.19,ZCTA5 21226,population,6247,1043,101.80886825676325
21227,4190,96694.33000000005,ZCTA5 21227,population,33589,1080,124.74321950638601
21228,26381,597323.7399999986,ZCTA5 21228,population,48196,1381,547.3690762718898
21229,8355,157636.48000000007,ZCTA5 21229,population,45921,2179,181.94290194028875
21230,13266,623503.7299999964,ZCTA5 21230,population,34274,1201,387.0572445585575
21231,7981,281612.8999999996,ZCTA5 21231,population,15854,908,503.4060804844204
21232,12,414.4,NA,NA,NA,NA,NA
21233,28,238,NA,NA,NA,NA,NA
21234,12937,250143.7600000003,ZCTA5 21234,population,68381,1475,189.1899796727161
21235,13,268,NA,NA,NA,NA,NA
21236,5621,122992.59000000026,ZCTA5 21236,population,39707,1810,141.56194121943233
21237,3793,79481.20000000007,ZCTA5 21237,population,30129,1309,125.89199774303827
21238,13,734,NA,NA,NA,NA,NA
21239,11716,161538.66000000044,ZCTA5 21239,population,30424,1274,385.09071785432553
21240,14,522,ZCTA5 21240,population,0,12,Inf
21241,1,25,NA,NA,NA,NA,NA
21243,10,168,NA,NA,NA,NA,NA
21244,9590,141657.7900000002,ZCTA5 21244,population,36394,1313,263.50497334725503
21245,19,176,NA,NA,NA,NA,NA
21246,26,1031,NA,NA,NA,NA,NA
21249,3,22,NA,NA,NA,NA,NA
21250,5,206,ZCTA5 21250,population,2367,465,2.112378538234051
21251,9,134,ZCTA5 21251,population,965,171,9.32642487046632
21252,9,120,ZCTA5 21252,population,2383,534,3.7767519932857745
21253,1,100,NA,NA,NA,NA,NA
21255,1,5,NA,NA,NA,NA,NA
21257,55,1454.5,NA,NA,NA,NA,NA
21261,12,135,NA,NA,NA,NA,NA
21262,2,45,NA,NA,NA,NA,NA
21265,3,1000,NA,NA,NA,NA,NA
21271,2,12,NA,NA,NA,NA,NA
21275,1,100,NA,NA,NA,NA,NA
21281,1,10,NA,NA,NA,NA,NA
21282,274,5933.99,NA,NA,NA,NA,NA
21284,171,3867.14,NA,NA,NA,NA,NA
21285,3,650,NA,NA,NA,NA,NA
21286,12808,415242.91999999946,ZCTA5 21286,population,19849,844,645.2718021058995
21287,33,1663,NA,NA,NA,NA,NA
21288,1,25,NA,NA,NA,NA,NA
2129,2,12,NA,NA,NA,NA,NA
21291,3,300,NA,NA,NA,NA,NA
21294,2,100,NA,NA,NA,NA,NA
21296,15,335.5,NA,NA,NA,NA,NA
21297,8,122,NA,NA,NA,NA,NA
21298,1,100,NA,NA,NA,NA,NA
21299,2,105,NA,NA,NA,NA,NA
2130,4,163.31,NA,NA,NA,NA,NA
21301,12,230,NA,NA,NA,NA,NA
21302,15,525,NA,NA,NA,NA,NA
21303,10,464.66,NA,NA,NA,NA,NA
21304,97,1173.9400000000005,NA,NA,NA,NA,NA
21305,1,100,NA,NA,NA,NA,NA
21306,9,73,NA,NA,NA,NA,NA
21307,7,55,NA,NA,NA,NA,NA
21308,5,103,NA,NA,NA,NA,NA
21309,3,70,NA,NA,NA,NA,NA
21310,7,120.62,NA,NA,NA,NA,NA
21311,2,34.17,NA,NA,NA,NA,NA
21312,3,210,NA,NA,NA,NA,NA
21315,5,57,NA,NA,NA,NA,NA
21316,3,125,NA,NA,NA,NA,NA
21317,3,33,NA,NA,NA,NA,NA
21318,81,2430.24,NA,NA,NA,NA,NA
21320,9,728.15,NA,NA,NA,NA,NA
21323,2,14.38,NA,NA,NA,NA,NA
21328,20,300,NA,NA,NA,NA,NA
21330,1,50,NA,NA,NA,NA,NA
21331,2,80,NA,NA,NA,NA,NA
21332,2,29,NA,NA,NA,NA,NA
21334,13,63,NA,NA,NA,NA,NA
21336,4,140,NA,NA,NA,NA,NA
2134,1,100,NA,NA,NA,NA,NA
21344,2,25,NA,NA,NA,NA,NA
21346,2,29,NA,NA,NA,NA,NA
21386,3,170,NA,NA,NA,NA,NA
21401,36733,1649639.400000007,ZCTA5 21401,population,38315,1298,958.7106877202141
21402,172,9181.1,ZCTA5 21402,population,6669,1756,25.790973159394213
21403,25115,1333098.2500000054,ZCTA5 21403,population,31377,1115,800.4270644102368
21404,217,8654.399999999998,NA,NA,NA,NA,NA
21405,1726,51961.95999999998,ZCTA5 21405,population,337,149,5121.661721068249
21406,5,850,NA,NA,NA,NA,NA
21407,1,1010,NA,NA,NA,NA,NA
21408,135,263,NA,NA,NA,NA,NA
21409,11407,445531.4299999982,ZCTA5 21409,population,19931,600,572.3245195925945
21410,2,100,NA,NA,NA,NA,NA
21412,6,91.07,NA,NA,NA,NA,NA
21428,21,210,NA,NA,NA,NA,NA
21430,1,40,NA,NA,NA,NA,NA
21442,1,150,NA,NA,NA,NA,NA
21491,22,660,NA,NA,NA,NA,NA
21493,6,133,NA,NA,NA,NA,NA
21498,3,130,NA,NA,NA,NA,NA
21501,45,625,NA,NA,NA,NA,NA
21502,7293,116830.50000000042,ZCTA5 21502,population,42391,687,172.04123516784222
21503,18,648.06,NA,NA,NA,NA,NA
21504,2,50,NA,NA,NA,NA,NA
21509,17,970,NA,NA,NA,NA,NA
2152,1,25,NA,NA,NA,NA,NA
21520,197,8828.130000000001,ZCTA5 21520,population,2200,422,89.54545454545453
21521,53,890.1600000000001,ZCTA5 21521,population,1102,170,48.09437386569873
21523,6,46,ZCTA5 21523,population,188,93,31.914893617021274
21524,5,7,ZCTA5 21524,population,775,279,6.451612903225806
21529,33,886,ZCTA5 21529,population,434,140,76.036866359447
21530,475,11216.91,ZCTA5 21530,population,1859,278,255.51371705217858
21531,191,4804.52,ZCTA5 21531,population,1868,264,102.24839400428264
21532,1754,43536.08000000003,ZCTA5 21532,population,14726,502,119.10905880755126
21533,3,55.239999999999995,NA,NA,NA,NA,NA
21536,466,10208.63,ZCTA5 21536,population,4123,401,113.02449672568518
21538,17,85,ZCTA5 21538,population,410,128,41.463414634146346
21539,28,785.4200000000001,ZCTA5 21539,population,2606,319,10.744435917114352
21540,1,56.18,ZCTA5 21540,population,102,53,9.803921568627452
21541,381,19362.08,ZCTA5 21541,population,1421,285,268.1210415200563
21545,55,972.24,ZCTA5 21545,population,1740,179,31.609195402298855
21550,1946,54859.00000000003,ZCTA5 21550,population,14077,514,138.23968175037297
21555,229,5493.5,ZCTA5 21555,population,1586,263,144.38839848675914
21557,71,1640.1999999999998,ZCTA5 21557,population,1410,379,50.354609929078016
21560,8,127.17,NA,NA,NA,NA,NA
21561,752,17515.689999999995,ZCTA5 21561,population,2464,324,305.1948051948052
21562,202,2810.76,ZCTA5 21562,population,3519,354,57.4026712134129
21565,2,8,NA,NA,NA,NA,NA
21574,3,110,NA,NA,NA,NA,NA
21591,1,1,NA,NA,NA,NA,NA
21592,5,63,NA,NA,NA,NA,NA
21601,15791,628699.1599999968,ZCTA5 21601,population,23399,477,674.8578999102526
21602,26,529,NA,NA,NA,NA,NA
21604,1,25,NA,NA,NA,NA,NA
21607,2,350,ZCTA5 21607,population,737,209,2.7137042062415193
21610,279,3615.8,ZCTA5 21610,population,433,126,644.3418013856813
21612,232,8710.380000000001,ZCTA5 21612,population,381,129,608.9238845144357
21613,3942,120616.02999999994,ZCTA5 21613,population,17132,359,230.09572729395285
21614,1,17,NA,NA,NA,NA,NA
21615,2,12,NA,NA,NA,NA,NA
21617,3054,57825.34999999997,ZCTA5 21617,population,10570,636,288.9309366130558
21618,2,30,NA,NA,NA,NA,NA
21619,3573,96216.21999999994,ZCTA5 21619,population,5964,506,599.0945674044266
21620,7513,422426.1699999993,ZCTA5 21620,population,12850,694,584.6692607003891
21622,17,546.72,ZCTA5 21622,population,854,212,19.90632318501171
21623,282,7916.639999999999,ZCTA5 21623,population,1989,296,141.77978883861238
21624,164,8929.2,ZCTA5 21624,population,175,147,937.1428571428571
21625,258,8292.2,ZCTA5 21625,population,2583,269,99.88385598141696
21627,4,28,ZCTA5 21627,population,0,12,Inf
21628,119,2211.88,ZCTA5 21628,population,448,252,265.625
21629,1206,24259.210000000006,ZCTA5 21629,population,9396,418,128.35249042145594
21631,94,3551.46,ZCTA5 21631,population,2814,440,33.4044065387349
21632,758,8827.550000000001,ZCTA5 21632,population,6078,436,124.71207634090162
21635,611,12718.539999999995,ZCTA5 21635,population,1983,292,308.11901159858803
21636,58,1112,ZCTA5 21636,population,1015,279,57.14285714285714
21638,1114,33617.01,ZCTA5 21638,population,5130,416,217.15399610136453
21639,559,10110.96,ZCTA5 21639,population,5279,450,105.89126728547073
21640,141,3286.5,ZCTA5 21640,population,1499,305,94.06270847231488
21641,17,197,ZCTA5 21641,population,88,38,193.1818181818182
21643,740,13598.149999999998,ZCTA5 21643,population,5864,464,126.193724420191
21645,196,5711.840000000006,ZCTA5 21645,population,1261,282,155.4321966693101
21647,635,15435.859999999995,ZCTA5 21647,population,288,109,2204.8611111111113
21648,4,240,ZCTA5 21648,population,175,74,22.857142857142858
21649,100,2484.55,ZCTA5 21649,population,1935,389,51.67958656330749
21650,222,8666,ZCTA5 21650,population,246,138,902.439024390244
21651,297,5999.56,ZCTA5 21651,population,2894,473,102.62612301313062
21652,249,5809.5,ZCTA5 21652,population,118,61,2110.169491525424
21653,75,1085,ZCTA5 21653,population,143,79,524.4755244755245
21654,6312,175200.69,ZCTA5 21654,population,986,150,6401.6227180527385
21655,427,15772.760000000002,ZCTA5 21655,population,4747,348,89.95154834632399
21657,61,2836.7200000000003,ZCTA5 21657,population,910,195,67.03296703296704
21658,916,52629.99000000004,ZCTA5 21658,population,3987,386,229.74667669927263
21659,1,10,ZCTA5 21659,population,1356,361,0.7374631268436578
21660,722,14024.06,ZCTA5 21660,population,4292,364,168.21994408201306
21661,1339,25956.929999999997,ZCTA5 21661,population,2487,268,538.3996783273019
21662,821,71666.80999999998,ZCTA5 21662,population,418,105,1964.1148325358852
21663,3198,165478.48000000045,ZCTA5 21663,population,3424,268,933.9953271028038
21664,37,803,ZCTA5 21664,population,445,107,83.14606741573034
21665,141,8093.42,ZCTA5 21665,population,215,105,655.8139534883721
21666,3570,104492.80000000018,ZCTA5 21666,population,12836,578,278.12402617637895
21667,445,7539.389999999999,ZCTA5 21667,population,292,119,1523.972602739726
21668,148,2688.7899999999995,ZCTA5 21668,population,1816,296,81.49779735682819
21669,146,4473.520000000004,ZCTA5 21669,population,254,146,574.8031496062991
21670,15,29,NA,NA,NA,NA,NA
21671,397,13720.66,ZCTA5 21671,population,984,254,403.4552845528455
21672,6,92,ZCTA5 21672,population,161,72,37.267080745341616
21673,437,18756.35,ZCTA5 21673,population,3270,272,133.63914373088684
21676,78,9237.36,ZCTA5 21676,population,424,145,183.96226415094338
21677,28,1214,ZCTA5 21677,population,446,121,62.780269058295964
21678,1059,22807.97999999999,ZCTA5 21678,population,1842,330,574.9185667752444
21679,213,5971.209999999999,ZCTA5 21679,population,289,120,737.0242214532872
21691,1,100,NA,NA,NA,NA,NA
21701,24907,631639.1800000038,ZCTA5 21701,population,37017,1104,672.8530134802928
21702,17174,430403.05999999936,ZCTA5 21702,population,41815,928,410.7138586631591
21703,8726,203219.95000000024,ZCTA5 21703,population,37473,1143,232.86099324847223
21704,5672,213888.01000000007,ZCTA5 21704,population,16887,673,335.87967075265
21705,449,9141.1,ZCTA5 21705,population,3,8,149666.66666666666
21706,1,10,NA,NA,NA,NA,NA
21710,1509,45716.58000000003,ZCTA5 21710,population,4859,297,310.5577279275571
21711,30,741,ZCTA5 21711,population,1076,277,27.881040892193308
21713,1829,40567.68999999998,ZCTA5 21713,population,10728,885,170.48844146159584
21714,426,15300.23,ZCTA5 21714,population,216,213,1972.2222222222224
21715,93,4130,NA,NA,NA,NA,NA
21716,2201,47591.569999999985,ZCTA5 21716,population,5078,261,433.43836155966915
21717,97,3016.26,ZCTA5 21717,population,77,84,1259.7402597402597
21718,165,4618.8,ZCTA5 21718,population,151,53,1092.7152317880796
21719,115,1636.0099999999998,ZCTA5 21719,population,1002,158,114.77045908183632
21720,48,1214,NA,NA,NA,NA,NA
21721,4,63,NA,NA,NA,NA,NA
21722,248,4822.030000000004,ZCTA5 21722,population,5748,638,43.14544189283229
21723,214,7010.54,ZCTA5 21723,population,759,204,281.9499341238472
21727,606,16539.529999999995,ZCTA5 21727,population,6792,357,89.2226148409894
21728,5,89,NA,NA,NA,NA,NA
21730,4,300,NA,NA,NA,NA,NA
21733,95,2380.62,ZCTA5 21733,population,897,286,105.90858416945373
21734,137,2700,ZCTA5 21734,population,816,191,167.89215686274508
21737,1141,42184.98,ZCTA5 21737,population,2462,591,463.4443541835906
21738,2133,91235.83999999994,ZCTA5 21738,population,3827,443,557.3556310425921
21740,9084,156266.82999999897,ZCTA5 21740,population,61768,1290,147.06644217070328
21741,26,1301,NA,NA,NA,NA,NA
21742,9377,180980.25000000055,ZCTA5 21742,population,33483,1003,280.05256398769524
21743,19,188.43,NA,NA,NA,NA,NA
21748,3,112,NA,NA,NA,NA,NA
21749,2,303,NA,NA,NA,NA,NA
21750,1588,25647.73999999999,ZCTA5 21750,population,3694,275,429.88630211153225
21752,4,40,NA,NA,NA,NA,NA
21753,9,294,NA,NA,NA,NA,NA
21754,3459,99558.51999999968,ZCTA5 21754,population,6667,700,518.8240587970602
21755,2271,65008.77999999997,ZCTA5 21755,population,5603,416,405.3185793325004
21756,706,23079.649999999976,ZCTA5 21756,population,3056,466,231.02094240837695
21757,121,3157.34,ZCTA5 21757,population,2793,262,43.32259219477264
21758,1923,35589.54000000006,ZCTA5 21758,population,5127,529,375.07314218841424
21759,2,67,NA,NA,NA,NA,NA
21762,127,4213.839999999999,ZCTA5 21762,population,202,178,628.7128712871287
21764,1,25,NA,NA,NA,NA,NA
21765,225,2593.999999999999,NA,NA,NA,NA,NA
21766,28,1177.77,ZCTA5 21766,population,483,153,57.971014492753625
21767,79,3614.53,ZCTA5 21767,population,650,195,121.53846153846153
21768,4,125,NA,NA,NA,NA,NA
21769,3776,108657.45999999992,ZCTA5 21769,population,11629,495,324.7054776850976
21770,1985,51007.11,ZCTA5 21770,population,5513,576,360.058044621803
21771,8933,209328.0900000004,ZCTA5 21771,population,29901,1078,298.7525500819371
21772,26,183,NA,NA,NA,NA,NA
21773,1692,26795.68000000001,ZCTA5 21773,population,5431,388,311.5448352053029
21774,5176,144050.66000000012,ZCTA5 21774,population,13092,348,395.35594256034216
21775,20,1112,NA,NA,NA,NA,NA
21776,1182,21786.81,ZCTA5 21776,population,5516,435,214.28571428571428
21777,720,13418.1,ZCTA5 21777,population,1868,216,385.4389721627409
21778,187,2955.6699999999983,ZCTA5 21778,population,909,212,205.72057205720574
21779,475,6884.26,ZCTA5 21779,population,1032,387,460.27131782945736
21780,227,6613.8499999999995,ZCTA5 21780,population,1614,279,140.6443618339529
21781,2,110,ZCTA5 21781,population,153,146,13.071895424836601
21782,1239,23007.480000000003,ZCTA5 21782,population,4495,482,275.6395995550612
21783,1072,22073.15,ZCTA5 21783,population,8894,486,120.53069485046099
21784,9655,257843.1300000003,ZCTA5 21784,population,37365,855,258.3968954904322
21785,28,1329,NA,NA,NA,NA,NA
21786,1,5,NA,NA,NA,NA,NA
21787,944,30285.629999999997,ZCTA5 21787,population,10173,463,92.79465251155018
21788,2817,109285.4999999998,ZCTA5 21788,population,11910,460,236.52392947103274
21789,1,100,NA,NA,NA,NA,NA
21790,5,349.24,ZCTA5 21790,population,157,142,31.84713375796178
21791,1283,18969.599999999995,ZCTA5 21791,population,5245,425,244.6139180171592
21792,26,355,NA,NA,NA,NA,NA
21793,2311,63179.49999999996,ZCTA5 21793,population,10416,606,221.87019969278035
21794,648,27815.850000000013,ZCTA5 21794,population,2277,455,284.5849802371542
21795,1602,25785.01000000001,ZCTA5 21795,population,9147,574,175.13938996392258
21797,3224,169015.33999999994,ZCTA5 21797,population,8873,759,363.349487208385
21798,331,18457.95,ZCTA5 21798,population,2057,245,160.91395235780263
21801,4484,130242.52999999998,ZCTA5 21801,population,29866,1191,150.13727984999664
21802,194,2387.96,ZCTA5 21802,population,90,42,2155.5555555555557
21803,82,1374.16,NA,NA,NA,NA,NA
21804,7964,177007.2200000002,ZCTA5 21804,population,40877,1220,194.8283876018299
21805,3,225,NA,NA,NA,NA,NA
21806,1,25,NA,NA,NA,NA,NA
21808,11,149,NA,NA,NA,NA,NA
21810,3,90,ZCTA5 21810,population,814,552,3.6855036855036856
21811,9781,276675.0200000005,ZCTA5 21811,population,24071,625,406.33957874620916
21812,5,255,NA,NA,NA,NA,NA
21813,1012,18157.769999999997,ZCTA5 21813,population,2672,445,378.7425149700599
21814,274,5105.589999999998,ZCTA5 21814,population,268,205,1022.3880597014925
21816,2,125,NA,NA,NA,NA,NA
21817,312,6336.919999999993,ZCTA5 21817,population,4515,299,69.1029900332226
21818,1,100,NA,NA,NA,NA,NA
21820,3,43,NA,NA,NA,NA,NA
21821,155,2020.34,ZCTA5 21821,population,871,134,177.95637198622273
21822,632,12221.479999999998,ZCTA5 21822,population,1687,376,374.6295198577356
21823,1,150,NA,NA,NA,NA,NA
21824,16,166,ZCTA5 21824,population,101,57,158.41584158415841
21826,717,10358.839999999998,ZCTA5 21826,population,5325,157,134.64788732394368
21829,17,435,ZCTA5 21829,population,401,123,42.394014962593516
21830,383,9341.89,ZCTA5 21830,population,4060,667,94.33497536945814
21835,19,79,ZCTA5 21835,population,337,146,56.37982195845697
21837,509,5382.609999999997,ZCTA5 21837,population,3200,372,159.0625
21838,55,1579,ZCTA5 21838,population,1657,266,33.1925165962583
21840,59,936.9400000000002,ZCTA5 21840,population,438,253,134.70319634703196
21841,349,6055.21,ZCTA5 21841,population,1580,358,220.8860759493671
21842,2437,52256.51999999999,ZCTA5 21842,population,10655,384,228.71891130924448
21843,469,5810.200000000001,NA,NA,NA,NA,NA
21849,541,11445.820000000002,ZCTA5 21849,population,3577,511,151.24405926754264
21850,110,1634.26,ZCTA5 21850,population,2935,515,37.47870528109029
21851,810,13798.000000000004,ZCTA5 21851,population,6949,405,116.5635343214851
21852,1,20,NA,NA,NA,NA,NA
21853,555,8938.869999999994,ZCTA5 21853,population,11957,668,46.41632516517521
21854,1,10,NA,NA,NA,NA,NA
21855,1,50,NA,NA,NA,NA,NA
21856,221,2715.48,ZCTA5 21856,population,875,379,252.57142857142856
21858,6,98.28,NA,NA,NA,NA,NA
21861,42,1238.16,ZCTA5 21861,population,689,148,60.95791001451379
21862,2,20,ZCTA5 21862,population,90,134,22.22222222222222
21863,778,15254.77,ZCTA5 21863,population,4657,389,167.0603392742109
21864,59,2239.66,ZCTA5 21864,population,548,193,107.66423357664233
21865,284,5664.640000000003,ZCTA5 21865,population,594,281,478.1144781144781
21867,3,104,ZCTA5 21867,population,23,24,130.43478260869566
21869,178,1823.8399999999983,ZCTA5 21869,population,1145,223,155.45851528384281
21871,135,2733.2100000000005,ZCTA5 21871,population,2198,503,61.41947224749773
21872,51,683.82,ZCTA5 21872,population,379,180,134.5646437994723
21873,1,30,NA,NA,NA,NA,NA
21874,139,1668.7499999999998,ZCTA5 21874,population,1874,347,74.17289220917823
21875,853,14828.73,ZCTA5 21875,population,6676,818,127.77112043139604
21876,1,20,NA,NA,NA,NA,NA
21877,4,41,NA,NA,NA,NA,NA
21893,2,55,NA,NA,NA,NA,NA
21894,4,96,NA,NA,NA,NA,NA
21898,5,85,NA,NA,NA,NA,NA
2190,8,536.65,NA,NA,NA,NA,NA
21901,2086,51409.42999999997,ZCTA5 21901,population,16790,1242,124.24061941631923
21902,44,410,ZCTA5 21902,population,215,157,204.65116279069767
21903,1147,15152.06,ZCTA5 21903,population,5947,610,192.87035480073985
21904,1461,27753.210000000003,ZCTA5 21904,population,7075,700,206.5017667844523
21905,4,139,NA,NA,NA,NA,NA
21908,1,10,NA,NA,NA,NA,NA
21911,1120,18688.95999999996,ZCTA5 21911,population,11130,648,100.62893081761007
21912,119,4150.6,ZCTA5 21912,population,1139,378,104.4776119402985
21913,93,2956.27,ZCTA5 21913,population,880,291,105.68181818181819
21914,114,2967.6400000000003,ZCTA5 21914,population,860,306,132.5581395348837
21915,792,16423.720000000012,ZCTA5 21915,population,2949,482,268.5656154628688
21916,23,382,ZCTA5 21916,population,44,64,522.7272727272727
21917,167,6169.52,ZCTA5 21917,population,2127,357,78.51433944522802
21918,604,11263.31,ZCTA5 21918,population,3692,460,163.59696641386782
21919,995,19727.17,ZCTA5 21919,population,2919,412,340.8701610140459
21920,16,331,ZCTA5 21920,population,491,192,32.586558044806516
21921,6975,152703.25000000015,ZCTA5 21921,population,46162,1323,151.098305965946
21922,46,5898,NA,NA,NA,NA,NA
21925,1,100,NA,NA,NA,NA,NA
21928,2,50,NA,NA,NA,NA,NA
21929,1,100,NA,NA,NA,NA,NA
21930,55,2363,ZCTA5 21930,population,132,175,416.6666666666667
21937,1,50,NA,NA,NA,NA,NA
21942,25,561.24,NA,NA,NA,NA,NA
21943,5,160,NA,NA,NA,NA,NA
21944,16,374,NA,NA,NA,NA,NA
21945,1,35,NA,NA,NA,NA,NA
21946,1,50,NA,NA,NA,NA,NA
21947,3,105,NA,NA,NA,NA,NA
21950,2,110,NA,NA,NA,NA,NA
21953,2,12,NA,NA,NA,NA,NA
21965,21,280,NA,NA,NA,NA,NA
21975,5,163,NA,NA,NA,NA,NA
21991,2,12,NA,NA,NA,NA,NA
21993,19,221,NA,NA,NA,NA,NA
22001,2,11,NA,NA,NA,NA,NA
22014,2,55,NA,NA,NA,NA,NA
22017,1,10,NA,NA,NA,NA,NA
22027,2,250,NA,NA,NA,NA,NA
22042,41,200,NA,NA,NA,NA,NA
22043,10,140,NA,NA,NA,NA,NA
22044,23,467,NA,NA,NA,NA,NA
22045,14,183,NA,NA,NA,NA,NA
22046,5,440,NA,NA,NA,NA,NA
22047,161,7081,NA,NA,NA,NA,NA
22050,1,25,NA,NA,NA,NA,NA
22057,16,250.72000000000003,NA,NA,NA,NA,NA
22061,2,28,NA,NA,NA,NA,NA
22066,1,100,NA,NA,NA,NA,NA
22075,3,63,NA,NA,NA,NA,NA
22076,2,55,NA,NA,NA,NA,NA
22078,20,660,NA,NA,NA,NA,NA
22085,1,13.43,NA,NA,NA,NA,NA
2209,1,20,NA,NA,NA,NA,NA
22093,6,266,NA,NA,NA,NA,NA
22104,2,220,NA,NA,NA,NA,NA
22113,1,3,NA,NA,NA,NA,NA
22114,13,13,NA,NA,NA,NA,NA
22117,1,10,NA,NA,NA,NA,NA
22122,21,920,NA,NA,NA,NA,NA
22124,2,13,NA,NA,NA,NA,NA
22133,22,177.86,NA,NA,NA,NA,NA
22146,5,150,NA,NA,NA,NA,NA
22150,1,10,NA,NA,NA,NA,NA
22157,1,25,NA,NA,NA,NA,NA
22192,1,10,NA,NA,NA,NA,NA
22204,1,47,NA,NA,NA,NA,NA
22205,2,29,NA,NA,NA,NA,NA
22207,2,88.25999999999999,NA,NA,NA,NA,NA
22208,4,125,NA,NA,NA,NA,NA
22209,17,303.0399999999999,NA,NA,NA,NA,NA
22213,3,12,NA,NA,NA,NA,NA
22216,3,60,NA,NA,NA,NA,NA
22218,1,50,NA,NA,NA,NA,NA
22220,3,35,NA,NA,NA,NA,NA
22228,4,69,NA,NA,NA,NA,NA
22234,3,40,NA,NA,NA,NA,NA
22237,1,5,NA,NA,NA,NA,NA
22244,2,150,NA,NA,NA,NA,NA
22286,1,25,NA,NA,NA,NA,NA
22303,5,236.17,NA,NA,NA,NA,NA
22304,3,60,NA,NA,NA,NA,NA
22306,7,150.72,NA,NA,NA,NA,NA
22307,2,3000,NA,NA,NA,NA,NA
22310,9,95,NA,NA,NA,NA,NA
22311,3,505,NA,NA,NA,NA,NA
22314,3,62,NA,NA,NA,NA,NA
22315,3,17,NA,NA,NA,NA,NA
22324,1,500,NA,NA,NA,NA,NA
22401,20,409,NA,NA,NA,NA,NA
22402,15,455,NA,NA,NA,NA,NA
22403,18,638,NA,NA,NA,NA,NA
22407,2,7,NA,NA,NA,NA,NA
22502,18,571,NA,NA,NA,NA,NA
22550,5,20,NA,NA,NA,NA,NA
22551,2,55,NA,NA,NA,NA,NA
22554,2,29,NA,NA,NA,NA,NA
22601,14,226,NA,NA,NA,NA,NA
22602,2,29.64,NA,NA,NA,NA,NA
22613,5,155,NA,NA,NA,NA,NA
22617,21,179,NA,NA,NA,NA,NA
22651,1,3,NA,NA,NA,NA,NA
22654,2,1000,NA,NA,NA,NA,NA
22658,13,130,NA,NA,NA,NA,NA
22661,2,12,NA,NA,NA,NA,NA
22663,5,35,NA,NA,NA,NA,NA
22701,1,10,NA,NA,NA,NA,NA
22702,7,435,NA,NA,NA,NA,NA
22703,16,194,NA,NA,NA,NA,NA
22704,6,118,NA,NA,NA,NA,NA
22714,1,250,NA,NA,NA,NA,NA
22738,8,193,NA,NA,NA,NA,NA
22740,1,48.26,NA,NA,NA,NA,NA
22745,1,15,NA,NA,NA,NA,NA
22750,1,250,NA,NA,NA,NA,NA
22769,9,163.5,NA,NA,NA,NA,NA
22770,1,20,NA,NA,NA,NA,NA
22771,82,1133.18,NA,NA,NA,NA,NA
22774,2,75,NA,NA,NA,NA,NA
22787,3,175,NA,NA,NA,NA,NA
22791,4,60,NA,NA,NA,NA,NA
22793,3,50,NA,NA,NA,NA,NA
22801,5,275,NA,NA,NA,NA,NA
22804,8,160,NA,NA,NA,NA,NA
22807,2,1100,NA,NA,NA,NA,NA
22811,10,500,NA,NA,NA,NA,NA
22815,1,15,NA,NA,NA,NA,NA
22817,7,17200,NA,NA,NA,NA,NA
22842,1,20,NA,NA,NA,NA,NA
22875,1,50,NA,NA,NA,NA,NA
22910,33,12299,NA,NA,NA,NA,NA
22913,13,457,NA,NA,NA,NA,NA
22915,6,330,NA,NA,NA,NA,NA
